{
  "project_info": {
    "project_number": "588108613584",
    "firebase_url": "https://basiclogintoapp-default-rtdb.firebaseio.com",
    "project_id": "basiclogintoapp",
    "storage_bucket": "basiclogintoapp.appspot.com"
  },
  "client": [
    {
      "client_info": {
        "mobilesdk_app_id": "1:588108613584:android:abf8d0dc6bfcf06f5e9bd5",
        "android_client_info": {
          "package_name": "com.example.basiclogintoapp"
        }
      },
      "oauth_client": [
        {
          "client_id": "588108613584-g17u79udhf3jh0g0asn7ps6pb8pd5meb.apps.googleusercontent.com",
          "client_type": 3
        }
      ],
      "api_key": [
        {
          "current_key": "AIzaSyDZtGPs_0dIaBz2pOM5E_SnizPKcHSqH2E"
        }
      ],
      "services": {
        "appinvite_service": {
          "other_platform_oauth_client": [
            {
              "client_id": "588108613584-g17u79udhf3jh0g0asn7ps6pb8pd5meb.apps.googleusercontent.com",
              "client_type": 3
            }
          ]
        }
      }
    }
  ],
  "configuration_version": "1"
}